{
    "hi":"hello, how can i help you",
    "hello":"hi, how can i help you",
    "joining in klm college":"KLM college is very secure for womens.if we see now a days there is no security for women . it provide quality of education with proficient faculty",
    "thanks":"No problem, its my duty",
    "how are you":"Fine,What about you",
    "joined in klm college":"KLM college is very secure for womens.if we see now a days there is no security for women . it provide quality of education with proficient faculty",
    "join in klm college":"KLM college is very secure for womens.if we see now a days there is no security for women . it provide quality of education with proficient faculty",
    "about college":"Kandula Lakshumma Memorial College of Engineering for Women (KLMCEW) is located beside K.S.R.M College, 7 km away from the city in a spacious and serene environment on the Kadapa-Pulivendula State Highway. The college has an exclusive hostel for women and excellent transportation facilities connecting Kadapa to major cities like Hyderabad, Chennai, Mumbai, Vijayawada, Nellore, Tirupati, and Kurnool. The nearest airport is Tirupati Airport.",
    "history": "Our college was founded in 1995. It has a rich history of excellence.",
    "managing director":"Dr k Chandra Obul Reddy Garu, the young and dynamic Managing Director of Kandula Group of Institutions, has been a driving force behind the institutions success. His leadership extends beyond the education sector, as he also established Kor Ginning and Oil Mills Private Limited. Currently, he serves as the director of three major organizations: Kandula Group of Institutions, Kor Ginning and Oil Mills Private Limited, and Kandula Ginning & Pressing Mills Private Limited.",
    "md":"Dr K Chandra Obul Reddy Garu, the young and dynamic Managing Director of Kandula Group of Institutions, has been a driving force behind the institutions success. His leadership extends beyond the education sector, as he also established Kor Ginning and Oil Mills Private Limited. Currently, he serves as the director of three major organizations: Kandula Group of Institutions, Kor Ginning and Oil Mills Private Limited, and Kandula Ginning & Pressing Mills Private Limited.",
    "vision": "To be an institution that aims to empower women by delivering quality technical education while maintaining moral integrity.",
    "aim": "To be an institution that aims to empower women by delivering quality technical education while maintaining moral integrity.",
    "mission": "To provide a high standard of technical education to women students enabling them to face all challenges in their personal and professional lives with courage and confidence.\n To make women students as global citizens by inculating critical thinking,effective communication,robust engineering knowledge,ethical behavior in them.\n To provide an environment that values and encourages knowledge acquisition,gender equality,and academic freedom,making this a preferred instition for knowledge seekers.\n To instill self-confidence among rural and urban students by supplementing them with c0-curricular and extra-curricular activities.",
    "courses offered": "DIPLOMA - programmes Branch Diploma in Computer Engineering\n Diploma in Artificial Intelligence\n Diploma in Electronics&Communication Engineering\n Diploma in Electronics&Electrcial Engineering\n B.Tech-programmes Artificial Intelligence&Data Science\nArtificial Intelligence&Machine Learning\n Computer Science and Engineering\n Electronics&Communication Engineering\n PG - programmes Branch MBA\n M.Tech CSE - AI&ML\n M.Tech(ECE).",
    "kgcet":"KGCET Registration link https://bit.ly/kgcet.kgcet Qualified Students offered with scholarship,like below 10,000 rank slabs they get $50,000 scholarship\n10,001 to 15,000 rank slabs they get $40,000 scholarship\n15,001 to 20,000 rank slabs they get $30,000 scholarship\n 20,001 to 25,000 rank slabs they get $20,000 scaholarship\n top 2 merit students will be offered free education including accommidation.mock test will be conducted to the yound and vibrant mertorous students into Kandula group of institutions.KGCET exam will be held one week befor EAPCET 2025 exam.",
    "kgcet registration fees":"there is no registration fee for KGCET.",
    "required documents":"1.Hall ticket Number of Qualifying Examination\n2.Hall ticket Number of S.S.C. or equivalent\n3.Date of Birth\n4.Caste Certificate in case of SC/ST/BC candidates\n5.Aadhar Number\n6.PH, NCC, Sports etc.\n7.Income Certificate (Up to One Lakh or Up to Two Lakhs or More than Two Lakhs (Rupees)\n8.Ration Card\n9.Study or Residence or relevant certificate for proof of local status (last 12 years)",
    "correspondent":"Smt. K. Rajeshwari is the visionary leader and correspondent of Kandula Lakshumma Memorial College of Engineering for Women (KLMCEW). She is dedicated to providing quality education and empowering women in the field of engineering and technology. Under her leadership, the college has established a strong reputation for academic excellence, career development, and student welfare.",
    "vice chairperson":"Sri. K. Madan Mohan Reddy Sir, having earned his Master of Science degree in the United States of America, brings a wealth of knowledge and experience to the institution. His dedication to academic excellence and technological advancement has played a pivotal role in shaping the vision and mission of the college.With a heart full of commitment and a soul driven by passion, the institute continuously strives to nurture students, providing them with cutting-edge technological exposure. State-of-the-art laboratories stand as a testament to this dedication, allowing students to transform their theoretical knowledge into practical innovations under the guidance of a research-oriented faculty. Education here goes beyond textbooks—it fosters curiosity, creativity, and critical thinking.The institution’s goal extends beyond creating skilled technocrats.",
    "Principal":"Dr. M. V. Rathnamma, the esteemed Principal of KLM College of Engineering for Women, leads the institution with a vision of empowerment and academic excellence. Since its inception in 2008, KLMCEW has grown at an exponential rate, becoming a premier institution dedicated to shaping the future of women in technology.With an unwavering commitment to excellence, the college has provided aspiring engineers with the resources, mentorship, and opportunities to thrive in their respective fields. Advanced laboratories, research-driven faculty, and a supportive learning environment have paved the way for students to transform their knowledge into impactful innovations.Dr. Rathnamma takes immense pride in the success of the institution’s alumni, who have gone on to secure prestigious positions in various industries. Their achievements stand as a testament to the colleges dedication to quality education and career development.",
    "hod":"which department HOD you want to know about.\n cse HOD\n ece HOD\n mba HOD\n aiml HOD.",
    "cse hod":"In the CSE Department, D. Sreenivasulu (HOD, M.Tech) leads with a focus on innovation and research.",
    "hod of cse department":"In the CSE Department, D. Sreenivasulu (HOD, M.Tech) leads with a focus on innovation and research.",
    "hod of cse":"In the CSE Department, D. Sreenivasulu (HOD, M.Tech) leads with a focus on innovation and research.",
    "aiml hod":"The AI & ML Department at KLMCEW, led by B. Mahesh Nayak, focuses on industry collaborations, technical workshops, and student mentorship, fostering innovation in AI.",
    "hod of aiml":"The AI & ML Department at KLMCEW, led by B. Mahesh Nayak, focuses on industry collaborations, technical workshops, and student mentorship, fostering innovation in AI.",
    "ece hod":"The ECE department at KLMCEW, led by experienced faculty like Dr. T. Lakshmi Narayana , fosters innovation in electronics, embedded systems, and VLSI technology. Let me know if you need more details! 🚀.",
    "hod of ece":"The ECE department at KLMCEW, led by experienced faculty like Dr. T. Lakshmi Narayana , fosters innovation in electronics, embedded systems, and VLSI technology. Let me know if you need more details! 🚀.",
    "diploma hod":"The Diploma head of the department at KLMCEW ,led by S.Harini Yadav",
    "hod of diploma":"The Diploma head of the department at KLMCEW ,led by S.Harini Yadav",
    "mba hod":"Dr. C.V. Ramana's leadership in the MBA department at KLMCEW ensures students gain practical business skills, industry insights, and real-world experience. Let me know if you'd like to add more details! 🚀.",
    "hod of mba":"Dr. C.V. Ramana's leadership in the MBA department at KLMCEW ensures students gain practical business skills, industry insights, and real-world experience. Let me know if you'd like to add more details! 🚀.",
    "mba faculty":"The MBA department at KLMCEW has a dedicated faculty team.\n Dr. C.V. Ramana (Staff ID: 60123) - Head of the department, Ph.D. holder, and student mentor.\n V. Naga Maheswar (Staff ID: 60122) - Assistant Professor, known for engaging teaching methods.\n V. Deepika (Staff ID: 62201) – Assistant Professor, connects theory with real-world business.\n D. Pavani (Staff ID: 52021) – Helps students develop strategic thinking in business.\n G. Subhas Chandra Bose (Staff ID: 52121) – 11 years of experience in finance and management.\n R. Reddybaby (Staff ID: 52021) – Expert in business administration.",
    "faculty of mba":"The MBA department at KLMCEW has a dedicated faculty team.\n Dr. C.V. Ramana (Staff ID: 60123) - Head of the department, Ph.D. holder, and student mentor.\n V. Naga Maheswar (Staff ID: 60122) - Assistant Professor, known for engaging teaching methods.\n V. Deepika (Staff ID: 62201) – Assistant Professor, connects theory with real-world business.\n D. Pavani (Staff ID: 52021) – Helps students develop strategic thinking in business.\n G. Subhas Chandra Bose (Staff ID: 52121) – 11 years of experience in finance and management.\n R. Reddybaby (Staff ID: 52021) – Expert in business administration.",
    "mba staff":"The MBA department at KLMCEW has a dedicated faculty team.\n Dr. C.V. Ramana (Staff ID: 60123) - Head of the department, Ph.D. holder, and student mentor.\n V. Naga Maheswar (Staff ID: 60122) - Assistant Professor, known for engaging teaching methods.\n V. Deepika (Staff ID: 62201) – Assistant Professor, connects theory with real-world business.\n D. Pavani (Staff ID: 52021) – Helps students develop strategic thinking in business.\n G. Subhas Chandra Bose (Staff ID: 52121) – 11 years of experience in finance and management.\n R. Reddybaby (Staff ID: 52021) – Expert in business administration.",
    "aiml faculty":"The AI & ML Department at KLMCEW, led by B. Mahesh Nayak (Ph.D. pursuing), specializes in AI-driven technologies. Faculty members S. Kareem Basha, K. Umamaheswari, and V. Ganga Gowri bring expertise in AI, machine learning, and computing. 🚀",
    "faculty of aiml":"The AI & ML Department at KLMCEW, led by B. Mahesh Nayak (Ph.D. pursuing), specializes in AI-driven technologies. Faculty members S. Kareem Basha, K. Umamaheswari, and V. Ganga Gowri bring expertise in AI, machine learning, and computing. 🚀",
    "aiml staff":"The AI & ML Department at KLMCEW, led by B. Mahesh Nayak (Ph.D. pursuing), specializes in AI-driven technologies. Faculty members S. Kareem Basha, K. Umamaheswari, and V. Ganga Gowri bring expertise in AI, machine learning, and computing. 🚀",
    "cse faculty":"The CSE Department at KLMCEW, led by HODs D. Sreenivasulu and S. Harini Yadav (11 years experience), focuses on innovation and research. Faculty members like B. Sudhakar (7 years), S. Swetha (2 years)",
    "faculty of cse":"The CSE Department at KLMCEW, led by HODs D. Sreenivasulu and S. Harini Yadav (11 years experience), focuses on innovation and research. Faculty members like B. Sudhakar (7 years), S. Swetha (2 years)",
    "cse staff":"The CSE Department at KLMCEW, led by HODs D. Sreenivasulu and S. Harini Yadav (11 years experience), focuses on innovation and research. Faculty members like B. Sudhakar (7 years), S. Swetha (2 years)",
    "academic courses":"Undergraduate (UG) Programs,CSE - Computer Science and Engineering,ECE - Electronics and Communication Engineering,AI & ML - Artificial Intelligence and Machine Learning,AI & DS - Artificial Intelligence and Data SciencePostgraduate (PG) Programs-MBA – Master of Business Administration,M.Tech (ECE) – Master of Technology in Electronics and Communication Engineering",
    "campus placements":"The college provides excellent placement opportunities, with top recruiters hiring students from various departments.",
    "ece faculty":"The ECE department at KLMCEW, led by experienced faculty like Dr. T. Lakshmi Narayana and B. Adilakshumma, fosters innovation in electronics, embedded systems, and VLSI technology. Let me know if you need more details! 🚀.",
    "faculty of ece":"The ECE department at KLMCEW, led by experienced faculty like Dr. T. Lakshmi Narayana and B. Adilakshumma, fosters innovation in electronics, embedded systems, and VLSI technology. Let me know if you need more details! 🚀.",
    "ece staff":"The ECE department at KLMCEW, led by experienced faculty like Dr. T. Lakshmi Narayana and B. Adilakshumma, fosters innovation in electronics, embedded systems, and VLSI technology. Let me know if you need more details! 🚀.",
    "faculty":"which department faculty you want to know about.\n cse faculty\n ece faculty\n mba faculty\n aiml faculty.",
    "placements coming":"number of companies are coming to college like cognizant\n deloitte\n deta X\n accenture\n TCS\n snovasys\n service now\n intellipaat\n capgemini\n Tech mahindra\n Wipro etc.....",
    "placement officer":"kalpana",
    "intenship provide":"intenships are provided by some companies like Eisystems\n edubot \n ExcelR etc...",
    "admissions": "To apply for admissions, please to contact the Admission Incharge contact number 9177729199.",
    "placement": "We have a 90% placement record with top companies visiting our campus for recruitment.",
    "campus life": "Our campus offers a variety of extracurricular activities, including sports, cultural events, and student clubs.",
    "facilities": "Our college offers excellent facilities, including hostels, a library, sports grounds, and cafeteria.",
    "admission_process": "To apply for admission, fill the online application form available on the website.",
    "courses": "We offer undergraduate, postgraduate, and diploma programs in various disciplines.",
    "eligibility_criteria": "The eligibility criteria vary by program. Please check the course details on our website.",
    "entrance_exams": "The entrance exams for B.Tech and M.Tech are held in June. Please visit the admissions page for registration details.",
    "scholarships": "We offer several scholarships based on merit and need. Details are available on our website.",
    "admission_status": "To check your admission status, visit the admission portal and enter your application number.",
    "payment_methods": "You can pay fees online using credit/debit cards, UPI, or through bank transfer. Offline payments are also accepted.",
    "installment_plans": "The college offers an installment payment option for tuition fees. You can contact the finance department for more details.",
    "exam_fees": "The exam fee for each semester is INR 800. It is payable at the beginning of the semester.",
    "library_fine":"if the book is not return within  15 days ,you should pay each day 1 rupees",
    "student communities": "There are three types of communities are there . \n 1.Communication clubs \n 2. Technical clubs \n 3.Cultural clubs \n 4.seminars \n 5.Debates \n 6.project expo \n 7.sports etc... \n Students are joined in these clubs based on their intrests",
    "campus events": "All kind of events are happened like \n >Particular days events like \n 1.Womens day \n 2.mathematics day \n 3. engineers day \n 4.world heart day  \n 5.republic day etc... \n >programs like \n 1.freshers \n 2.farewall \n 3.hostel day \n 4.graduation day etc... \n >festival events like \n 1.sankranthi\n 2.dewali\n 3.christmas etc... ",
    "student support services": "Student support services like \n 1.blood donation camps \n 2.food donations \n 3.visiting oldage homes \n 3.industrial trips\n 4.visiting schools as part of CSP etc..",
    "social services": "Student support services like \n 1.blood donation camps \n 2.food donations \n 3.visiting oldage homes \n 3.industrial trips\n 4.visiting schools as part of CSP etc..",
    "harassment & discrimination": "No form of harassment, bullying, or discrimination is tolerated.",
    "ragging": "No form of harassment, bullying, or discrimination is tolerated.",
    "dress code": ">There is no dress code for B.Tech students but some rules are there on dress code\n 1.chunni is compulsory for every type of dress\n 2.jeans not allowed\n 3.sleevless not allowed\n 4.only formal dresses\n 5.short tops are not allowed. \n > Diploma students wear uniforn regularly except on saturday \n >same as B.Tech students For M.Tech students\n >MBA wear uniform on only tuesday and friday ",
    "type of dress": ">There is no dress code for B.Tech students but some rules are there on dress code\n 1.chunni is compulsory for every type of dress\n 2.jeans not allowed\n 3.sleevless not allowed\n 4.only formal dresses\n 5.short tops are not allowed. \n > Diploma students wear uniforn regularly except on saturday \n >same as B.Tech students For M.Tech students\n >MBA wear uniform on only tuesday and friday ",
    "college rules": "college have some rules\n 1.must wear ID card\n 2.shoes\n 3.should follow college timings\n 4.chunni compulsory\n 5.mobile are strictly prohibited\n 6.roaming is not alloed during class hours\n 7.disciplain.",
    "library rules": "1.disciplain\n 2.form filling with signature\n 3.leave shoes outside\n 4.return book within time ,if book is not return they will pay late fee\n 5.water bottle not allowed.",
    "attendence": ">Regular attendance is very important \n >If a person absent for college that person should inform and take permission from HOD of respective department.",
    "campus size": "25 Acres green campus with beautiful environment",
    "student population": "in KLM college of engineering total 2000+ students are there in campus",
    "student strength": "in KLM college of engineering total 2000+ students are there in campus",
    "hostel facilities": "1.24/7 WiFi\n 2.Hot water\n 3.fridge\n 4.filtration cool water\n 5.common washrooms\n 6.secured hostel with CCTV's,GUards\n 7.mess food\n 8.house keeping.",
    "dining options": "1.food available on mess within mess timings for hostelers\n 2.canteen\n 3.outside food allowed.",
    "transportation": "transportation available for\n 1.yerraguntla\n 2.vempalli\n 3.mydukur\n 4.vontimitta\n 5.proddatur\n 6.kadapa local.",
    "library books count": "400,000+ books are available in klm library",
    "computer labs": "1.High-speed internet,\n 2.latest software,\n 3.AI/ML labs\n 4.600+ computers connected LAN.",
    "lecture halls": " 2 Smart classrooms with projectors.",
    "house keeping":"daily cleaning available in hostel",
    "laundry":"place is available for laundry ",
    "snacks":"different types of snacks are given like\n 1.puffruce\n 2.chikki\n 3.onion or cabbage samosa with chilli or tamoto souce\n 4.veg puff\n 5.cake.\n snacks timings are 4:30 to 5:30.\n morning and evening tea,milk available.",
    "mess timings":">morning-7:30 to 10:00\n >afternoon-12:00 to 2:00\n >night- 7:30 to 9:00. ",
    "tiffens":"dosa\n chapathi\n poori\n umpa\n uggani \n uttappam\n pongal.",
    "lunch":"dal\n rasam\n sambaar\n bringal,drumstick,vegitable curries\n carrot,cabbage,potato fry\n colour rice,vegitable rice\n curd\n chicken curry\n sweets on particular days.",
    "dinner":"dal\n rasam\n gongura\n lemon rice\n curd rice\n butter milk,boiled egg,banana.",
    "career services":"intenship for students\n MOUs with industries\n focus on personality development\n presentation skills\n soft skills\n industrial visits\n placement trainings.",
    "classrooms capacity":"total 50+ classrooms are there.\n sitting capacity based on classrooms .maximum sitting capacity 70+ people",
    "accomidation":"hostel is available in the campus with security.\n -300+ rooms are available.\n -5 menbers for each room.\n -every year students are shifted the rooms.",
    "hostel entry and exit rules":"1.there s no outpass during working hours\n 2.For both outpass and homepass are given by calling and taking permission from their parents.\n 3.calling parents number if that numbers are in hostel data book otherwise not.\n 4.ouside parcels are allowed before 7:00 pm.\n 4.parents visiting hours are before 5pm.\n 5.boys are not allowed to hostel rooms.",
    "veg and nonveg":"NON-VEG on wednesday afternoon and sunday afternoon .For people who did not eat nonveg on those days they have seperate veg counter with sweet.",
    "sports facilities":"indoor sports and outdoor sports are available.\n -sports are conducting on some events.",
    "playground":"playground is available .",
    "parking facilities":"parking is availabe for students and staff in the capus ,like cares,scooty,bikes,buses.",
    "trips":"trips are based on students.\n trips like 1.casual trips\n 2. devotional trips\n 3. industrial trips. ",
    "tours":"trips are based on students.\n trips like 1.casual trips\n 2. devotional trips\n 3. industrial trips. ",
    "workshops":"number of workshops are conducting in college that are related to the studies,life,skills etc...Here are some workshops\n -IOT\n -life skills\n -soft skills\n - motivational workshops.",
    "single room":"4 members in a room",
    "college fees":"College fees is based on the course,which course do you want\n 1.Diploma\n2.MBA\n3.B.tech\n4.M.tech ",
    "Btech courses":"Btech fees is based on the branch wise.which branch fees do you want \n 1.CSE\n 2.ECE\n 3.AIML \n 4.AIDS",
    "Btech branches":"1.CSE\n 2.ECE\n 3.AIML \n 4.AIDS Btech fees is based on the branch wise.which branch fees do you want \n 1.CSE\n 2.ECE\n 3.AIML \n 4.AIDS",
    "Diploma courses":"Diploma fees is based on the branch wise.which branch fees do you want\n 1.DCME\n 2.DECE \n 3.DEEE \n 4.DAI",
    "Btech cse fees": "in Btech cse fees which type of fees do you want either 1.management fees\n2.convenior fees.",
    "cse fees": "in Btech cse fees which type of fees do you want either 1.management fees\n2.convenior fees.",
    "cse convenor fees": "The convenor quota fees for CSE branch per year is ₹45,000.",
    "cse cq fees": "The convenor quota fees for CSE branch per year is ₹45,000.",
    "cse management fees":"Academic fees of CSE for management quota is 75,000. ",
    "cse mq fees":"Academic fees of CSE for management quota is 75,000. ",
    "Btech ece fees": "in Btech ECE fees which type of fees do you want either 1.management fees\n2.convenior fees.",
    "ece fees": "in Btech ECE fees which type of fees do you want either 1.management fees\n2.convenior fees.",
    "ece convenor fees": "The convenor quota fees for ECE branch per year is ₹45,000.",
    "ece cq fees": "The convenor quota fees for ECE branch per year is ₹45,000.",
    "ece management fees":"Academic fees of ECE for management quota is 75,000. ",
    "ece mq fees":"Academic fees of ECE for management quota is 75,000. ",
    "Btech aiml fees": "in Btech AIML fees which type of fees do you want either 1.management fees\n2.convenior fees.",
    "aiml fees": "in Btech AIML fees which type of fees do you want either 1.management fees\n2.convenior fees.",
    "aiml convenor fees": "The convenor quota fees for AIML branch per year is ₹45,000.",
    "aiml management fees":"Academic fees of AIML for management quota is 75,000. ",
    "aiml cq fees": "The convenor quota fees for AIML branch per year is ₹45,000.",
    "aiml mq fees":"Academic fees of AIML for management quota is 75,000. ",
    "Btech aids fees": "in Btech AIDS fees which type of fees do you want either 1.management fees\n2.convenior fees.",
    "aids convenor fees": "The convenor quota fees for AIDS branch per year is ₹45,000.",
    "aids management fees":"Academic fees of AIDS for management quota is 75,000. ",
    "aids fees": "in Btech AIDS fees which type of fees do you want either 1.management fees\n2.convenior fees.",
    "aids cq fees": "The convenor quota fees for AIDS branch per year is ₹45,000.",
    "aids mq fees":"Academic fees of AIDS for management quota is 75,000. ",
    "Diploma brances":"1.DCME\n 2.DECE \n 3.DEEE \n 4.DAI Diploma fees is based on the branch wise.which branch fees do you want\n 1.DCME\n 2.DECE \n 3.DEEE \n 4.DAI",
    "diploma dcme fees": "in Btech DCME fees which type of fees do you want either 1.management fees\n2.convenior fees.",
    "dcme convenior fees": "The convenor quota fees for DCME branch per year is ₹25,000.",
    "dcme management fees":"Academic fees of DCME for management quota is 33,000. ",
    "dcme fees": "in Btech DCME fees which type of fees do you want either 1.management fees\n2.convenior fees.",
    "dcme cq fees": "The convenor quota fees for DCME branch per year is ₹25,000.",
    "dcme mq fees":"Academic fees of DCME for management quota is 33,000. ",
    "diploma dece fees": "in Btech DECE fees which type of fees do you want either 1.management fees\n2.convenior fees.",
    "dece convenior fees": "The convenor quota fees for DECE branch per year is ₹25,000.",
    "dece management fees":"Academic fees of DECE for management quota is 33,000. ",
    "dece fees": "in Btech DECE fees which type of fees do you want either 1.management fees\n2.convenior fees.",
    "dece cq fees": "The convenor quota fees for DECE branch per year is ₹25,000.",
    "dece mq fees":"Academic fees of DECE for management quota is 33,000. ",
    "diploma deee fees": "in Btech DEEE fees which type of fees do you want either 1.management fees\n2.convenior fees.",
    "deee convenior fees": "The convenor quota fees for DEEE branch per year is ₹25,000.",
    "deee management fees":"Academic fees of DEEE for management quota is 33,000. ",
    "deee fees": "in Btech DEEE fees which type of fees do you want either 1.management fees\n2.convenior fees.",
    "deee cq fees": "The convenor quota fees for DEEE branch per year is ₹25,000.",
    "deee mq fees":"Academic fees of DEEE for management quota is 33,000. ",
    "diploma dai fees": "in Btech DAI fees which type of fees do you want either 1.management fees\n2.convenior fees.",
    "dai convenior fees": "The convenor quota fees for DAI branch per year is ₹25,000.",
    "dai management fees":"Academic fees of DAI for management quota is 33,000. ",
    "dai fees": "in Btech DAI fees which type of fees do you want either 1.management fees\n2.convenior fees.",
    "dai cq fees": "The convenor quota fees for DAI branch per year is ₹25,000.",
    "dai mq fees":"Academic fees of DAI for management quota is 33,000. ",
    "transport fees": "Transport fees for \nlocal (Kadapa)-₹10,000 \n bus facility from non-local are\n 1.yerraguntla-15000\n2.vempalli-15000\n3.mydukur-15000\n4.vontimitta-15000\n6.proddutur- ₹15,000 per year.",
    "hostel fees": "The hostel fee ₹55,000 per year",
    "accommidation fees": "The hostel fee ₹55,000 per year",
    "scholarship": "Yes, we offer merit-based and need-based scholarships. Please check our website for eligibility criteria.",
    "payment methods":"1.Online: UPI, Credit/Debit Card, Net Banking,phone pay ,google pay\n2.Offline: Demand Draft (DD), Cash at Campus ",
    "installment plans": "Yes, you can pay in 4 installments. Contact the finance office for details.",
    "exam fees": "The exam fee is ₹800 per semister.",
    "location":"thadigotla (v),chinthakomma dinne(m),kadapa-516005",
    "contact details":"9642422008,8555871782,9177729199",
    "college website":"www.klmcew.ac.in",
    "email":"klmcew@gmail.com",
    "admission process": "The admission process includes filling out the application form, submitting required documents, and appearing for entrance exams if applicable.",
    "programs and courses": "We offer various undergraduate(B.Tech), postgraduate(MBA,M.Tech), and diploma courses. Please visit our website for details.",
    "eligibility criteria": "Eligibility varies by program. Generally, undergraduate courses require a 12th-grade pass, and postgraduate courses require a relevant bachelor's degree,deploma courses requires the 10th pass",
    "entrance exams": "We accept scores from various entrance exams like JEE, EAPCET,ECET,CAT,AP POLYCET and others, depending on the program.",
    "campus facilities": "Our campus includes modern classrooms, labs, libraries, sports complexes,different types clubs,auditorium and hostels.",
    "admission status": "You can check your admission status by logging into our admissions portal with your application number.",
    "fee structure": "The fee structure varies by course. Undergraduate fees start from $45,000 per year. Please refer to our website for a detailed information.",
    "contact information": "You can reach our admissions office at klmcew@ac.in or call us at +1 234-567-8900.",
    "admission proces": "You can apply online or visit the campus. Admissions usually open in May.",
    "how to apply for admission": "You can apply online or visit the campus. Admissions usually open in May.",
    "join the college": "You can apply online or visit the campus. Admissions usually open in May.",
    "btech fee": "The annual B.Tech fee is ₹85,000.",
    "tuition fee": "The annual B.Tech fee is ₹85,000.",
    "engineering course fee": "The annual B.Tech fee is ₹85,000.",
    "is hostel available": "Yes, we provide separate hostels for boys and girls with mess, Wi-Fi, and 24/7 security.",
    "hostel facility": "Yes, we provide separate hostels for boys and girls with mess, Wi-Fi, and 24/7 security.",
    "hostel charges": "Yes, we provide separate hostels for boys and girls with mess, Wi-Fi, and 24/7 security.",
    "transport available": "Yes, we offer transport from major cities. Bus routes and charges vary by location.",
    "college buses": "Yes, we offer transport from major cities. Bus routes and charges vary by location.",
    "transport service": "Yes, we offer transport from major cities. Bus routes and charges vary by location.",
    "scholarship available": "Scholarships are available for merit students and eligible categories.",
    "apply for scholarship": "Scholarships are available for merit students and eligible categories.",
    "college code": "Our counselling code is KLMC.",
    "counselling code": "Our counselling code is KLMC.",
    "placement companies": "Top companies like Infosys, TCS, and Wipro visit our campus every year.",
    "do you offer placements": "Top companies like Infosys, TCS, and Wipro visit our campus every year.",
    "college phone number": "You can reach us at +91-9876543210 or email info@klmcollege.edu.",
    "contacts details": "You can reach us at +91-9876543210 or email info@klmcollege.edu.",
    "library timing": "The library is open from 8 AM to 8 PM on weekdays.",
    "library hours": "The library is open from 8 AM to 8 PM on weekdays."
}












